{
    "0": {
        "xmin": 324,
        "ymin": 47,
        "xmax": 388,
        "ymax": 111,
        "accuracy": 0.98046875
    },
    "1": {
        "xmin": 46,
        "ymin": 369,
        "xmax": 86,
        "ymax": 421,
        "accuracy": 0.94921875
    },
    "2": {
        "xmin": 15,
        "ymin": 425,
        "xmax": 73,
        "ymax": 480,
        "accuracy": 0.94140625
    },
    "3": {
        "xmin": 295,
        "ymin": 301,
        "xmax": 360,
        "ymax": 363,
        "accuracy": 0.8984375
    },
    "4": {
        "xmin": 397,
        "ymin": 295,
        "xmax": 433,
        "ymax": 339,
        "accuracy": 0.84375
    },
    "5": {
        "xmin": 329,
        "ymin": 242,
        "xmax": 376,
        "ymax": 298,
        "accuracy": 0.74609375
    },
    "6": {
        "xmin": 422,
        "ymin": 244,
        "xmax": 458,
        "ymax": 279,
        "accuracy": 0.61328125
    },
    "7": {
        "xmin": 235,
        "ymin": 302,
        "xmax": 279,
        "ymax": 347,
        "accuracy": 0.61328125
    },
    "8": {
        "xmin": 316,
        "ymin": 436,
        "xmax": 344,
        "ymax": 468,
        "accuracy": 0.61328125
    },
    "9": {
        "xmin": 383,
        "ymin": 51,
        "xmax": 440,
        "ymax": 115,
        "accuracy": 0.578125
    }
}