{
    "0": {
        "xmin": 251,
        "ymin": 250,
        "xmax": 313,
        "ymax": 313,
        "accuracy": 0.99609375
    },
    "1": {
        "xmin": 420,
        "ymin": 97,
        "xmax": 463,
        "ymax": 151,
        "accuracy": 0.96875
    },
    "2": {
        "xmin": -1,
        "ymin": -1,
        "xmax": 475,
        "ymax": 486,
        "accuracy": 0.94921875
    },
    "3": {
        "xmin": 433,
        "ymin": 215,
        "xmax": 465,
        "ymax": 261,
        "accuracy": 0.80078125
    },
    "4": {
        "xmin": 324,
        "ymin": 56,
        "xmax": 361,
        "ymax": 96,
        "accuracy": 0.80078125
    },
    "5": {
        "xmin": -2,
        "ymin": -8,
        "xmax": 461,
        "ymax": 285,
        "accuracy": 0.4609375
    },
    "6": {
        "xmin": 309,
        "ymin": 334,
        "xmax": 327,
        "ymax": 353,
        "accuracy": 0.4609375
    },
    "7": {
        "xmin": 337,
        "ymin": 251,
        "xmax": 356,
        "ymax": 274,
        "accuracy": 0.38671875
    },
    "8": {
        "xmin": 327,
        "ymin": 346,
        "xmax": 348,
        "ymax": 366,
        "accuracy": 0.38671875
    },
    "9": {
        "xmin": 402,
        "ymin": 231,
        "xmax": 432,
        "ymax": 269,
        "accuracy": 0.3515625
    }
}