{
    "0": {
        "xmin": 251,
        "ymin": 250,
        "xmax": 312,
        "ymax": 313,
        "accuracy": 0.99609375
    },
    "1": {
        "xmin": -1,
        "ymin": -5,
        "xmax": 475,
        "ymax": 490,
        "accuracy": 0.9609375
    },
    "2": {
        "xmin": 421,
        "ymin": 97,
        "xmax": 463,
        "ymax": 152,
        "accuracy": 0.95703125
    },
    "3": {
        "xmin": 324,
        "ymin": 57,
        "xmax": 362,
        "ymax": 96,
        "accuracy": 0.84375
    },
    "4": {
        "xmin": 433,
        "ymin": 216,
        "xmax": 464,
        "ymax": 262,
        "accuracy": 0.80078125
    },
    "5": {
        "xmin": 448,
        "ymin": 167,
        "xmax": 483,
        "ymax": 217,
        "accuracy": 0.6484375
    },
    "6": {
        "xmin": 2,
        "ymin": -9,
        "xmax": 457,
        "ymax": 278,
        "accuracy": 0.5390625
    },
    "7": {
        "xmin": 196,
        "ymin": 200,
        "xmax": 236,
        "ymax": 235,
        "accuracy": 0.5
    },
    "8": {
        "xmin": 337,
        "ymin": 252,
        "xmax": 357,
        "ymax": 275,
        "accuracy": 0.4609375
    },
    "9": {
        "xmin": 309,
        "ymin": 335,
        "xmax": 327,
        "ymax": 354,
        "accuracy": 0.421875
    }
}