{
    "0": {
        "xmin": 165,
        "xmax": 194,
        "ymin": 348,
        "ymax": 378,
        "xcentre": 179,
        "ycentre": 363,
        "accuracy": "0.9710174",
        "cloud_height_m": 2137.14,
        "shadow_lenght_px": 24.0,
        "north_deg": 224.46215933898736,
        "azimuth_deg": 309.27426415690206,
        "angle_deg": 353.7364234958894,
        "shadow_lenght_mm_px": 27,
        "shadow_lenght_md_px": 23,
        "diff": 4
    },
    "1": {
        "xmin": 428,
        "xmax": 454,
        "ymin": 471,
        "ymax": 500,
        "xcentre": 441,
        "ycentre": 485,
        "accuracy": "0.9689048",
        "cloud_height_m": 1691.9,
        "shadow_lenght_px": 19.5,
        "north_deg": 224.46215933898736,
        "azimuth_deg": 309.27426415690206,
        "angle_deg": 353.7364234958894,
        "shadow_lenght_mm_px": 20,
        "shadow_lenght_md_px": 19,
        "diff": 1
    },
    "2": {
        "xmin": 392,
        "xmax": 418,
        "ymin": 380,
        "ymax": 408,
        "xcentre": 405,
        "ycentre": 394,
        "accuracy": "0.95914686",
        "cloud_height_m": 3472.85,
        "shadow_lenght_px": 39.5,
        "north_deg": 224.46215933898736,
        "azimuth_deg": 309.27426415690206,
        "angle_deg": 353.7364234958894,
        "shadow_lenght_mm_px": 32,
        "shadow_lenght_md_px": 47,
        "diff": 15
    },
    "3": {
        "xmin": 322,
        "xmax": 413,
        "ymin": 406,
        "ymax": 485,
        "xcentre": 367,
        "ycentre": 445,
        "accuracy": "0.95650315",
        "cloud_height_m": 1959.04,
        "shadow_lenght_px": 22.5,
        "north_deg": 224.46215933898736,
        "azimuth_deg": 309.27426415690206,
        "angle_deg": 353.7364234958894,
        "shadow_lenght_mm_px": 42,
        "shadow_lenght_md_px": 3,
        "diff": 39
    },
    "4": {
        "xmin": 132,
        "xmax": 162,
        "ymin": 190,
        "ymax": 221,
        "xcentre": 147,
        "ycentre": 205,
        "accuracy": "0.9501107",
        "cloud_height_m": 3294.75,
        "shadow_lenght_px": 37.0,
        "north_deg": 224.46215933898736,
        "azimuth_deg": 309.27426415690206,
        "angle_deg": 353.7364234958894,
        "shadow_lenght_mm_px": 58,
        "shadow_lenght_md_px": 16,
        "diff": 42
    },
    "5": {
        "xmin": 153,
        "xmax": 178,
        "ymin": 449,
        "ymax": 475,
        "xcentre": 165,
        "ycentre": 462,
        "accuracy": "0.94775414",
        "cloud_height_m": 890.47,
        "shadow_lenght_px": 10.5,
        "north_deg": 224.46215933898736,
        "azimuth_deg": 309.27426415690206,
        "angle_deg": 353.7364234958894,
        "shadow_lenght_mm_px": 19,
        "shadow_lenght_md_px": 1,
        "diff": 20
    },
    "6": {
        "xmin": 320,
        "xmax": 348,
        "ymin": 95,
        "ymax": 124,
        "xcentre": 334,
        "ycentre": 109,
        "accuracy": "0.9473327",
        "cloud_height_m": 2760.47,
        "shadow_lenght_px": 31.0,
        "north_deg": 224.46215933898736,
        "azimuth_deg": 309.27426415690206,
        "angle_deg": 353.7364234958894,
        "shadow_lenght_mm_px": 24,
        "shadow_lenght_md_px": 38,
        "diff": 14
    },
    "7": {
        "xmin": 383,
        "xmax": 409,
        "ymin": 220,
        "ymax": 251,
        "xcentre": 396,
        "ycentre": 235,
        "accuracy": "0.9384463",
        "cloud_height_m": 1780.95,
        "shadow_lenght_px": 20.0,
        "north_deg": 224.46215933898736,
        "azimuth_deg": 309.27426415690206,
        "angle_deg": 353.7364234958894,
        "shadow_lenght_mm_px": 20,
        "shadow_lenght_md_px": 18,
        "diff": 6
    },
    "8": {
        "xmin": 213,
        "xmax": 242,
        "ymin": 418,
        "ymax": 449,
        "xcentre": 227,
        "ycentre": 433,
        "accuracy": "0.93299496",
        "cloud_height_m": 2404.28,
        "shadow_lenght_px": 27.75,
        "north_deg": 224.46215933898736,
        "azimuth_deg": 309.27426415690206,
        "angle_deg": 353.7364234958894,
        "shadow_lenght_mm_px": 26,
        "shadow_lenght_md_px": 28,
        "diff": 3
    },
    "9": {
        "xmin": 470,
        "xmax": 496,
        "ymin": 466,
        "ymax": 493,
        "xcentre": 483,
        "ycentre": 479,
        "accuracy": "0.930463",
        "cloud_height_m": 1959.04,
        "shadow_lenght_px": 22.5,
        "north_deg": 224.46215933898736,
        "azimuth_deg": 309.27426415690206,
        "angle_deg": 353.7364234958894,
        "shadow_lenght_mm_px": 23,
        "shadow_lenght_md_px": 21,
        "diff": 2
    },
    "10": {
        "xmin": 462,
        "xmax": 487,
        "ymin": 345,
        "ymax": 371,
        "xcentre": 474,
        "ycentre": 358,
        "accuracy": "0.93034846",
        "cloud_height_m": 3027.61,
        "shadow_lenght_px": 34.75,
        "north_deg": 224.46215933898736,
        "azimuth_deg": 309.27426415690206,
        "angle_deg": 353.7364234958894,
        "shadow_lenght_mm_px": 32,
        "shadow_lenght_md_px": 37,
        "diff": 5
    },
    "11": {
        "xmin": 370,
        "xmax": 393,
        "ymin": 208,
        "ymax": 229,
        "xcentre": 381,
        "ycentre": 218,
        "accuracy": "0.927523",
        "cloud_height_m": 1870.0,
        "shadow_lenght_px": 21.0,
        "north_deg": 224.46215933898736,
        "azimuth_deg": 309.27426415690206,
        "angle_deg": 353.7364234958894,
        "shadow_lenght_mm_px": 37,
        "shadow_lenght_md_px": 5,
        "diff": 32
    },
    "12": {
        "xmin": 186,
        "xmax": 219,
        "ymin": 289,
        "ymax": 320,
        "xcentre": 202,
        "ycentre": 304,
        "accuracy": "0.9241762",
        "cloud_height_m": 2849.52,
        "shadow_lenght_px": 32.5,
        "north_deg": 224.46215933898736,
        "azimuth_deg": 309.27426415690206,
        "angle_deg": 353.7364234958894,
        "shadow_lenght_mm_px": 30,
        "shadow_lenght_md_px": 35,
        "diff": 5
    },
    "13": {
        "xmin": 72,
        "xmax": 152,
        "ymin": 137,
        "ymax": 202,
        "xcentre": 112,
        "ycentre": 169,
        "accuracy": "0.9223786",
        "cloud_height_m": 2938.56,
        "shadow_lenght_px": 33.75,
        "north_deg": 224.46215933898736,
        "azimuth_deg": 309.27426415690206,
        "angle_deg": 353.7364234958894,
        "shadow_lenght_mm_px": 30,
        "shadow_lenght_md_px": 43,
        "diff": 13
    },
    "14": {
        "xmin": 28,
        "xmax": 86,
        "ymin": 129,
        "ymax": 186,
        "xcentre": 57,
        "ycentre": 157,
        "accuracy": "0.91448873",
        "cloud_height_m": 3383.8,
        "shadow_lenght_px": 38.5,
        "north_deg": 224.46215933898736,
        "azimuth_deg": 309.27426415690206,
        "angle_deg": 353.7364234958894,
        "shadow_lenght_mm_px": 31,
        "shadow_lenght_md_px": 45,
        "diff": 15
    },
    "15": {
        "xmin": 271,
        "xmax": 310,
        "ymin": 258,
        "ymax": 297,
        "xcentre": 290,
        "ycentre": 277,
        "accuracy": "0.90468466",
        "cloud_height_m": 2226.18,
        "shadow_lenght_px": 25.0,
        "north_deg": 224.46215933898736,
        "azimuth_deg": 309.27426415690206,
        "angle_deg": 353.7364234958894,
        "shadow_lenght_mm_px": 19,
        "shadow_lenght_md_px": 27,
        "diff": 8
    },
    "16": {
        "xmin": 203,
        "xmax": 233,
        "ymin": 167,
        "ymax": 205,
        "xcentre": 218,
        "ycentre": 186,
        "accuracy": "0.9016886",
        "cloud_height_m": 2760.47,
        "shadow_lenght_px": 31.75,
        "north_deg": 224.46215933898736,
        "azimuth_deg": 309.27426415690206,
        "angle_deg": 353.7364234958894,
        "shadow_lenght_mm_px": 23,
        "shadow_lenght_md_px": 40,
        "diff": 17
    },
    "17": {
        "xmin": 59,
        "xmax": 116,
        "ymin": 355,
        "ymax": 408,