{
    "0": {
        "xmin": 394,
        "xmax": 420,
        "ymin": 286,
        "ymax": 312,
        "xcentre": 407,
        "ycentre": 299,
        "accuracy": "0.969343",
        "cloud_height_m": 1691.9,
        "shadow_lenght_px": 19.0,
        "north_deg": 224.46215933898736,
        "azimuth_deg": 309.27426415690206,
        "angle_deg": 353.7364234958894,
        "shadow_lenght_mm_px": 19,
        "shadow_lenght_md_px": 19,
        "diff": 0
    },
    "1": {
        "xmin": 363,
        "xmax": 392,
        "ymin": 319,
        "ymax": 348,
        "xcentre": 377,
        "ycentre": 333,
        "accuracy": "0.968745",
        "cloud_height_m": 4096.18,
        "shadow_lenght_px": 46.75,
        "north_deg": 224.46215933898736,
        "azimuth_deg": 309.27426415690206,
        "angle_deg": 353.7364234958894,
        "shadow_lenght_mm_px": 34,
        "shadow_lenght_md_px": 62,
        "diff": 30
    },
    "2": {
        "xmin": 422,
        "xmax": 453,
        "ymin": 3,
        "ymax": 33,
        "xcentre": 437,
        "ycentre": 18,
        "accuracy": "0.9686989",
        "cloud_height_m": 1068.57,
        "shadow_lenght_px": 12.0,
        "north_deg": 224.46215933898736,
        "azimuth_deg": 309.27426415690206,
        "angle_deg": 353.7364234958894,
        "shadow_lenght_mm_px": 18,
        "shadow_lenght_md_px": 3,
        "diff": 15
    },
    "3": {
        "xmin": 230,
        "xmax": 260,
        "ymin": 167,
        "ymax": 198,
        "xcentre": 245,
        "ycentre": 182,
        "accuracy": "0.9616906",
        "cloud_height_m": 3294.75,
        "shadow_lenght_px": 37.75,
        "north_deg": 224.46215933898736,
        "azimuth_deg": 309.27426415690206,
        "angle_deg": 353.7364234958894,
        "shadow_lenght_mm_px": 63,
        "shadow_lenght_md_px": 12,
        "diff": 51
    },
    "4": {
        "xmin": 450,
        "xmax": 486,
        "ymin": 333,
        "ymax": 369,
        "xcentre": 468,
        "ycentre": 351,
        "accuracy": "0.96162546",
        "cloud_height_m": 2671.42,
        "shadow_lenght_px": 30.75,
        "north_deg": 224.46215933898736,
        "azimuth_deg": 309.27426415690206,
        "angle_deg": 353.7364234958894,
        "shadow_lenght_mm_px": 30,
        "shadow_lenght_md_px": 39,
        "diff": 13
    },
    "5": {
        "xmin": 350,
        "xmax": 378,
        "ymin": 457,
        "ymax": 484,
        "xcentre": 364,
        "ycentre": 470,
        "accuracy": "0.9503813",
        "cloud_height_m": 3561.9,
        "shadow_lenght_px": 40.0,
        "north_deg": 224.46215933898736,
        "azimuth_deg": 309.27426415690206,
        "angle_deg": 353.7364234958894,
        "shadow_lenght_mm_px": 27,
        "shadow_lenght_md_px": 53,
        "diff": 26
    },
    "6": {
        "xmin": 206,
        "xmax": 235,
        "ymin": 209,
        "ymax": 236,
        "xcentre": 220,
        "ycentre": 222,
        "accuracy": "0.9461297",
        "cloud_height_m": 3650.94,
        "shadow_lenght_px": 41.5,
        "north_deg": 224.46215933898736,
        "azimuth_deg": 309.27426415690206,
        "angle_deg": 353.7364234958894,
        "shadow_lenght_mm_px": 25,
        "shadow_lenght_md_px": 58,
        "diff": 33
    },
    "7": {
        "xmin": 123,
        "xmax": 150,
        "ymin": 239,
        "ymax": 268,
        "xcentre": 136,
        "ycentre": 253,
        "accuracy": "0.9417942",
        "cloud_height_m": 2137.14,
        "shadow_lenght_px": 24.0,
        "north_deg": 224.46215933898736,
        "azimuth_deg": 309.27426415690206,
        "angle_deg": 353.7364234958894,
        "shadow_lenght_mm_px": 27,
        "shadow_lenght_md_px": 21,
        "diff": 6
    },
    "8": {
        "xmin": 287,
        "xmax": 318,
        "ymin": 353,
        "ymax": 381,
        "xcentre": 302,
        "ycentre": 367,
        "accuracy": "0.9416148",
        "cloud_height_m": 2048.09,
        "shadow_lenght_px": 23.25,
        "north_deg": 224.46215933898736,
        "azimuth_deg": 309.27426415690206,
        "angle_deg": 353.7364234958894,
        "shadow_lenght_mm_px": 23,
        "shadow_lenght_md_px": 19,
        "diff": 9
    },
    "9": {
        "xmin": 157,
        "xmax": 194,
        "ymin": 340,
        "ymax": 375,
        "xcentre": 175,
        "ycentre": 357,
        "accuracy": "0.9407498",
        "cloud_height_m": 2137.14,
        "shadow_lenght_px": 24.75,
        "north_deg": 224.46215933898736,
        "azimuth_deg": 309.27426415690206,
        "angle_deg": 353.7364234958894,
        "shadow_lenght_mm_px": 32,
        "shadow_lenght_md_px": 20,
        "diff": 12
    },
    "10": {
        "xmin": 429,
        "xmax": 458,
        "ymin": 70,
        "ymax": 102,
        "xcentre": 443,
        "ycentre": 86,
        "accuracy": "0.9385792",
        "cloud_height_m": 3294.75,
        "shadow_lenght_px": 37.0,
        "north_deg": 224.46215933898736,
        "azimuth_deg": 309.27426415690206,
        "angle_deg": 353.7364234958894,
        "shadow_lenght_mm_px": 24,
        "shadow_lenght_md_px": 49,
        "diff": 26
    },
    "11": {
        "xmin": 258,
        "xmax": 288,
        "ymin": 296,
        "ymax": 326,
        "xcentre": 273,
        "ycentre": 311,
        "accuracy": "0.9303005",
        "cloud_height_m": 2493.33,
        "shadow_lenght_px": 28.0,
        "north_deg": 224.46215933898736,
        "azimuth_deg": 309.27426415690206,
        "angle_deg": 353.7364234958894,
        "shadow_lenght_mm_px": 32,
        "shadow_lenght_md_px": 29,
        "diff": 9
    },
    "12": {
        "xmin": 332,
        "xmax": 361,
        "ymin": 107,
        "ymax": 140,
        "xcentre": 346,
        "ycentre": 123,
        "accuracy": "0.9269899",
        "cloud_height_m": 2404.28,
        "shadow_lenght_px": 27.75,
        "north_deg": 224.46215933898736,
        "azimuth_deg": 309.27426415690206,
        "angle_deg": 353.7364234958894,
        "shadow_lenght_mm_px": 25,
        "shadow_lenght_md_px": 29,
        "diff": 6
    },
    "13": {
        "xmin": 241,
        "xmax": 269,
        "ymin": 62,
        "ymax": 91,
        "xcentre": 255,
        "ycentre": 76,
        "accuracy": "0.91486067",
        "cloud_height_m": 3650.94,
        "shadow_lenght_px": 41.0,
        "north_deg": 224.46215933898736,
        "azimuth_deg": 309.27426415690206,
        "angle_deg": 353.7364234958894,
        "shadow_lenght_mm_px": 20,
        "shadow_lenght_md_px": 60,
        "diff": 40
    },
    "14": {
        "xmin": 466,
        "xmax": 489,
        "ymin": 292,
        "ymax": 314,
        "xcentre": 477,
        "ycentre": 303,
        "accuracy": "0.9129916",
        "cloud_height_m": 2226.18,
        "shadow_lenght_px": 25.5,
        "north_deg": 224.46215933898736,
        "azimuth_deg": 309.27426415690206,
        "angle_deg": 353.7364234958894,
        "shadow_lenght_mm_px": 27,
        "shadow_lenght_md_px": 24,
        "diff": 3
    },
    "15": {
        "xmin": 60,
        "xmax": 86,
        "ymin": 155,
        "ymax": 178,
        "xcentre": 73,
        "ycentre": 166,
        "accuracy": "0.9127935",
        "cloud_height_m": 3027.61,
        "shadow_lenght_px": 34.0,
        "north_deg": 224.46215933898736,
        "azimuth_deg": 309.27426415690206,
        "angle_deg": 353.7364234958894,
        "shadow_lenght_mm_px": 53,
        "shadow_lenght_md_px": 15,
        "diff": 38
    },
    "16": {
        "xmin": 170,
        "xmax": 244,
        "ymin": 426,
        "ymax": 490,
        "xcentre": 207,
        "ycentre": 458,
        "accuracy": "0.9098271",
        "cloud_height_m": 2137.14,
        "shadow_lenght_px": 24.75,
        "north_deg": 224.46215933898736,
        "azimuth_deg": 309.27426415690206,
        "angle_deg": 353.7364234958894,
        "shadow_lenght_mm_px": 25,
        "shadow_lenght_md_px": 26,
        "diff": 3
    },
    "17": {
        "xmin": 365,
        "xmax": 447,
        "ymin": 403,
        "ymax": 473,