{
    "0": {
        "xmin": 161,
        "xmax": 220,
        "ymin": 70,
        "ymax": 130,
        "xcentre": 190,
        "ycentre": 100,
        "accuracy": "0.95494616",
        "cloud_height_m": 3739.99,
        "shadow_lenght_px": 42.0,
        "north_deg": 224.46215933898736,
        "azimuth_deg": 309.27426415690206,
        "angle_deg": 353.7364234958894,
        "shadow_lenght_mm_px": 33,
        "shadow_lenght_md_px": 51,
        "diff": 18
    },
    "1": {
        "xmin": 158,
        "xmax": 187,
        "ymin": 161,
        "ymax": 198,
        "xcentre": 172,
        "ycentre": 179,
        "accuracy": "0.9454572",
        "cloud_height_m": 1246.66,
        "shadow_lenght_px": 14.5,
        "north_deg": 224.46215933898736,
        "azimuth_deg": 309.27426415690206,
        "angle_deg": 353.7364234958894,
        "shadow_lenght_mm_px": 16,
        "shadow_lenght_md_px": 13,
        "diff": 3
    },
    "2": {
        "xmin": 409,
        "xmax": 443,
        "ymin": 323,
        "ymax": 355,
        "xcentre": 426,
        "ycentre": 339,
        "accuracy": "0.94365025",
        "cloud_height_m": 2671.42,
        "shadow_lenght_px": 30.0,
        "north_deg": 224.46215933898736,
        "azimuth_deg": 309.27426415690206,
        "angle_deg": 353.7364234958894,
        "shadow_lenght_mm_px": 31,
        "shadow_lenght_md_px": 29,
        "diff": 2
    },
    "3": {
        "xmin": 278,
        "xmax": 361,
        "ymin": 0,
        "ymax": 59,
        "xcentre": 319,
        "ycentre": 29,
        "accuracy": "0.9396364",
        "cloud_height_m": 1424.76,
        "shadow_lenght_px": 16.25,
        "north_deg": 224.46215933898736,
        "azimuth_deg": 309.27426415690206,
        "angle_deg": 353.7364234958894,
        "shadow_lenght_mm_px": 19,
        "shadow_lenght_md_px": 14,
        "diff": 5
    },
    "4": {
        "xmin": 484,
        "xmax": 505,
        "ymin": 64,
        "ymax": 97,
        "xcentre": 494,
        "ycentre": 80,
        "accuracy": "0.93235815",
        "cloud_height_m": 2671.42,
        "shadow_lenght_px": 30.75,
        "north_deg": 224.46215933898736,
        "azimuth_deg": 309.27426415690206,
        "angle_deg": 353.7364234958894,
        "shadow_lenght_mm_px": 27,
        "shadow_lenght_md_px": 34,
        "diff": 8
    },
    "5": {
        "xmin": 97,
        "xmax": 122,
        "ymin": 0,
        "ymax": 20,
        "xcentre": 109,
        "ycentre": 10,
        "accuracy": "0.9313971",
        "cloud_height_m": "Error was raised properly",
        "shadow_lenght_px": "Error was raised properly",
        "north_deg": 224.46215933898736,
        "azimuth_deg": 309.27426415690206,
        "angle_deg": 353.7364234958894,
        "shadow_lenght_mm_px": "Error was raised properly",
        "shadow_lenght_md_px": "Error was raised properly",
        "diff": "Error was raised properly"
    },
    "6": {
        "xmin": 385,
        "xmax": 411,
        "ymin": 96,
        "ymax": 122,
        "xcentre": 398,
        "ycentre": 109,
        "accuracy": "0.9253149",
        "cloud_height_m": 1157.62,
        "shadow_lenght_px": 13.25,
        "north_deg": 224.46215933898736,
        "azimuth_deg": 309.27426415690206,
        "angle_deg": 353.7364234958894,
        "shadow_lenght_mm_px": 25,
        "shadow_lenght_md_px": 1,
        "diff": 24
    },
    "7": {
        "xmin": 92,
        "xmax": 164,
        "ymin": 158,
        "ymax": 226,
        "xcentre": 128,
        "ycentre": 192,
        "accuracy": "0.9195278",
        "cloud_height_m": 3294.75,
        "shadow_lenght_px": 37.0,
        "north_deg": 224.46215933898736,
        "azimuth_deg": 309.27426415690206,
        "angle_deg": 353.7364234958894,
        "shadow_lenght_mm_px": 31,
        "shadow_lenght_md_px": 43,
        "diff": 12
    },
    "8": {
        "xmin": 165,
        "xmax": 198,
        "ymin": 189,
        "ymax": 227,
        "xcentre": 181,
        "ycentre": 208,
        "accuracy": "0.9060871",
        "cloud_height_m": 3561.9,
        "shadow_lenght_px": 40.5,
        "north_deg": 224.46215933898736,
        "azimuth_deg": 309.27426415690206,
        "angle_deg": 353.7364234958894,
        "shadow_lenght_mm_px": 67,
        "shadow_lenght_md_px": 14,
        "diff": 53
    },
    "9": {
        "xmin": 471,
        "xmax": 500,
        "ymin": 15,
        "ymax": 42,
        "xcentre": 485,
        "ycentre": 28,
        "accuracy": "0.903565",
        "cloud_height_m": 1602.85,
        "shadow_lenght_px": 18.75,
        "north_deg": 224.46215933898736,
        "azimuth_deg": 309.27426415690206,
        "angle_deg": 353.7364234958894,
        "shadow_lenght_mm_px": 25,
        "shadow_lenght_md_px": 13,
        "diff": 12
    },
    "10": {
        "xmin": 216,
        "xmax": 276,
        "ymin": 448,
        "ymax": 499,
        "xcentre": 246,
        "ycentre": 473,
        "accuracy": "0.8910365",
        "cloud_height_m": 2671.42,
        "shadow_lenght_px": 30.75,
        "north_deg": 224.46215933898736,
        "azimuth_deg": 309.27426415690206,
        "angle_deg": 353.7364234958894,
        "shadow_lenght_mm_px": 27,
        "shadow_lenght_md_px": 35,
        "diff": 9
    },
    "11": {
        "xmin": 334,
        "xmax": 354,
        "ymin": 81,
        "ymax": 100,
        "xcentre": 344,
        "ycentre": 90,
        "accuracy": "0.8870934",
        "cloud_height_m": 3294.75,
        "shadow_lenght_px": 37.0,
        "north_deg": 224.46215933898736,
        "azimuth_deg": 309.27426415690206,
        "angle_deg": 353.7364234958894,
        "shadow_lenght_mm_px": 25,
        "shadow_lenght_md_px": 49,
        "diff": 24
    },
    "12": {
        "xmin": 149,
        "xmax": 177,
        "ymin": 135,
        "ymax": 162,
        "xcentre": 163,
        "ycentre": 148,
        "accuracy": "0.8689717",
        "cloud_height_m": 2315.23,
        "shadow_lenght_px": 26.0,
        "north_deg": 224.46215933898736,
        "azimuth_deg": 309.27426415690206,
        "angle_deg": 353.7364234958894,
        "shadow_lenght_mm_px": 27,
        "shadow_lenght_md_px": 10,
        "diff": 30
    },
    "13": {
        "xmin": 348,
        "xmax": 369,
        "ymin": 44,
        "ymax": 64,
        "xcentre": 358,
        "ycentre": 54,
        "accuracy": "0.8664284",
        "cloud_height_m": 2493.33,
        "shadow_lenght_px": 28.0,
        "north_deg": 224.46215933898736,
        "azimuth_deg": 309.27426415690206,
        "angle_deg": 353.7364234958894,
        "shadow_lenght_mm_px": 27,
        "shadow_lenght_md_px": 29,
        "diff": 2
    },
    "14": {
        "xmin": 301,
        "xmax": 354,
        "ymin": 132,
        "ymax": 187,
        "xcentre": 327,
        "ycentre": 159,
        "accuracy": "0.85091436",
        "cloud_height_m": 3918.09,
        "shadow_lenght_px": 44.25,
        "north_deg": 224.46215933898736,
        "azimuth_deg": 309.27426415690206,
        "angle_deg": 353.7364234958894,
        "shadow_lenght_mm_px": 41,
        "shadow_lenght_md_px": 49,
        "diff": 10
    },
    "15": {
        "xmin": 212,
        "xmax": 229,
        "ymin": 237,
        "ymax": 256,
        "xcentre": 220,
        "ycentre": 246,
        "accuracy": "0.83962387",
        "cloud_height_m": 1157.62,
        "shadow_lenght_px": 13.75,
        "north_deg": 224.46215933898736,
        "azimuth_deg": 309.27426415690206,
        "angle_deg": 353.7364234958894,
        "shadow_lenght_mm_px": 24,
        "shadow_lenght_md_px": 3,
        "diff": 22
    },
    "16": {
        "xmin": 439,
        "xmax": 459,
        "ymin": 317,
        "ymax": 338,
        "xcentre": 449,
        "ycentre": 327,
        "accuracy": "0.8377993",
        "cloud_height_m": "Error was raised properly",
        "shadow_lenght_px": "Error was raised properly",
        "north_deg": 224.46215933898736,
        "azimuth_deg": 309.27426415690206,
        "angle_deg": 353.7364234958894,