img_23_1,,0,False,,,,,,,,,23,1
img_23_1,,0,True,262,392,190,311,108.37435120913067,13741.867733317767,31.93750237930078,8566.043872456972,23,1
img_23_1,,1,False,,,,,,,,,23,1
img_23_1,,2,False,,,,,,,,,23,1
img_23_1,,3,False,,,,,,,,,23,1
img_23_1,,4,False,,,,,,,,,23,1
img_23_1,,5,False,,,,,,,,,23,1
img_23_1,,6,False,,,,,,,,,23,1
img_23_1,,7,False,,,,,,,,,23,1
img_23_1,,8,True,326,374,291,334,53.150729063673246,6739.512445273767,31.93750237930078,4201.099909091221,23,1
