chop,cloud number,valid,x mrak,y mrak,x stin,y stin,vzdalenost v px,vzdalenost v m
img_0_1,2,True,315,287,316,290,3.1622776601683795,400.97680730935053
img_0_1,3,True,308,240,303,199,41.30375285612676,5237.315862156874
img_0_1,2,False
shiiiiit - ultra destroy
