{
    "0": {
        "xmin": 394,
        "xmax": 420,
        "ymin": 286,
        "ymax": 312,
        "xcentre": 407,
        "ycentre": 299,
        "accuracy": "0.969343",
        "cloud_height_m": 801.43,
        "shadow_lenght_px": 9.666666666666666,
        "north_deg": 224.46215933898736,
        "azimuth_deg": 309.27426415690206,
        "angle_deg": 353.7364234958894
    },
    "1": {
        "xmin": 363,
        "xmax": 392,
        "ymin": 319,
        "ymax": 348,
        "xcentre": 377,
        "ycentre": 333,
        "accuracy": "0.968745",
        "cloud_height_m": 5431.89,
        "shadow_lenght_px": 61.666666666666664,
        "north_deg": 224.46215933898736,
        "azimuth_deg": 309.27426415690206,
        "angle_deg": 353.7364234958894
    },
    "2": {
        "xmin": 422,
        "xmax": 453,
        "ymin": 3,
        "ymax": 33,
        "xcentre": 437,
        "ycentre": 18,
        "accuracy": "0.9686989",
        "cloud_height_m": 623.33,
        "shadow_lenght_px": 7.333333333333333,
        "north_deg": 224.46215933898736,
        "azimuth_deg": 309.27426415690206,
        "angle_deg": 353.7364234958894
    },
    "3": {
        "xmin": 230,
        "xmax": 260,
        "ymin": 167,
        "ymax": 198,
        "xcentre": 245,
        "ycentre": 182,
        "accuracy": "0.9616906",
        "cloud_height_m": 2582.37,
        "shadow_lenght_px": 29.0,
        "north_deg": 224.46215933898736,
        "azimuth_deg": 309.27426415690206,
        "angle_deg": 353.7364234958894
    },
    "4": {
        "xmin": 450,
        "xmax": 486,
        "ymin": 333,
        "ymax": 369,
        "xcentre": 468,
        "ycentre": 351,
        "accuracy": "0.96162546",
        "cloud_height_m": 2760.47,
        "shadow_lenght_px": 31.333333333333332,
        "north_deg": 224.46215933898736,
        "azimuth_deg": 309.27426415690206,
        "angle_deg": 353.7364234958894
    },
    "5": {
        "xmin": 350,
        "xmax": 378,
        "ymin": 457,
        "ymax": 484,
        "xcentre": 364,
        "ycentre": 470,
        "accuracy": "0.9503813",
        "cloud_height_m": 3829.04,
        "shadow_lenght_px": 43.666666666666664,
        "north_deg": 224.46215933898736,
        "azimuth_deg": 309.27426415690206,
        "angle_deg": 353.7364234958894
    },
    "6": {
        "xmin": 206,
        "xmax": 235,
        "ymin": 209,
        "ymax": 236,
        "xcentre": 220,
        "ycentre": 222,
        "accuracy": "0.9461297",
        "cloud_height_m": 5164.75,
        "shadow_lenght_px": 58.0,
        "north_deg": 224.46215933898736,
        "azimuth_deg": 309.27426415690206,
        "angle_deg": 353.7364234958894
    },
    "7": {
        "xmin": 123,
        "xmax": 150,
        "ymin": 239,
        "ymax": 268,
        "xcentre": 136,
        "ycentre": 253,
        "accuracy": "0.9417942",
        "cloud_height_m": 1870.0,
        "shadow_lenght_px": 21.333333333333332,
        "north_deg": 224.46215933898736,
        "azimuth_deg": 309.27426415690206,
        "angle_deg": 353.7364234958894
    },
    "8": {
        "xmin": 287,
        "xmax": 318,
        "ymin": 353,
        "ymax": 381,
        "xcentre": 302,
        "ycentre": 367,
        "accuracy": "0.9416148",
        "cloud_height_m": 3116.66,
        "shadow_lenght_px": 35.666666666666664,
        "north_deg": 224.46215933898736,
        "azimuth_deg": 309.27426415690206,
        "angle_deg": 353.7364234958894
    },
    "9": {
        "xmin": 157,
        "xmax": 194,
        "ymin": 340,
        "ymax": 375,
        "xcentre": 175,
        "ycentre": 357,
        "accuracy": "0.9407498",
        "cloud_height_m": 4986.65,
        "shadow_lenght_px": 56.666666666666664,
        "north_deg": 224.46215933898736,
        "azimuth_deg": 309.27426415690206,
        "angle_deg": 353.7364234958894
    },
    "10": {
        "xmin": 429,
        "xmax": 458,
        "ymin": 70,
        "ymax": 102,
        "xcentre": 443,
        "ycentre": 86,
        "accuracy": "0.9385792",
        "cloud_height_m": 3472.85,
        "shadow_lenght_px": 39.0,
        "north_deg": 224.46215933898736,
        "azimuth_deg": 309.27426415690206,
        "angle_deg": 353.7364234958894
    },
    "11": {
        "xmin": 258,
        "xmax": 288,
        "ymin": 296,
        "ymax": 326,
        "xcentre": 273,
        "ycentre": 311,
        "accuracy": "0.9303005",
        "cloud_height_m": 1959.04,
        "shadow_lenght_px": 22.0,
        "north_deg": 224.46215933898736,
        "azimuth_deg": 309.27426415690206,
        "angle_deg": 353.7364234958894
    },
    "12": {
        "xmin": 332,
        "xmax": 361,
        "ymin": 107,
        "ymax": 140,
        "xcentre": 346,
        "ycentre": 123,
        "accuracy": "0.9269899",
        "cloud_height_m": 2137.14,
        "shadow_lenght_px": 24.666666666666668,
        "north_deg": 224.46215933898736,
        "azimuth_deg": 309.27426415690206,
        "angle_deg": 353.7364234958894
    },
    "13": {
        "xmin": 241,
        "xmax": 269,
        "ymin": 62,
        "ymax": 91,
        "xcentre": 255,
        "ycentre": 76,
        "accuracy": "0.91486067",
        "cloud_height_m": 4096.18,
        "shadow_lenght_px": 46.0,
        "north_deg": 224.46215933898736,
        "azimuth_deg": 309.27426415690206,
        "angle_deg": 353.7364234958894
    },
    "14": {
        "xmin": 466,
        "xmax": 489,
        "ymin": 292,
        "ymax": 314,
        "xcentre": 477,
        "ycentre": 303,
        "accuracy": "0.9129916",
        "cloud_height_m": 2137.14,
        "shadow_lenght_px": 24.666666666666668,
        "north_deg": 224.46215933898736,
        "azimuth_deg": 309.27426415690206,
        "angle_deg": 353.7364234958894
    },
    "15": {
        "xmin": 60,
        "xmax": 86,
        "ymin": 155,
        "ymax": 178,
        "xcentre": 73,
        "ycentre": 166,
        "accuracy": "0.9127935",
        "cloud_height_m": 2493.33,
        "shadow_lenght_px": 28.0,
        "north_deg": 224.46215933898736,
        "azimuth_deg": 309.27426415690206,
        "angle_deg": 353.7364234958894
    },
    "16": {
        "xmin": 170,
        "xmax": 244,
        "ymin": 426,
        "ymax": 490,
        "xcentre": 207,
        "ycentre": 458,
        "accuracy": "0.9098271",
        "cloud_height_m": 2048.09,
        "shadow_lenght_px": 23.0,
        "north_deg": 224.46215933898736,
        "azimuth_deg": 309.27426415690206,
        "angle_deg": 353.7364234958894
    },
    "17": {
        "xmin": 365,
        "xmax": 447,
        "ymin": 403,
        "ymax": 473,
        "xcentre": 406,
        "ycentre": 438,
        "accuracy": "0.9097541",
        "cloud_height_m": 2938.56,
        "shadow_lenght_px": 33.666666666666664,
        "north_deg": 224.46215933898736,
        "azimuth_deg": 309.27426415690206,
        "angle_deg": 353.7364234958894
    },
    "18": {
        "xmin": 442,
        "xmax": 470,
        "ymin": 410,
        "ymax": 436,
        "xcentre": 456,
        "ycentre": 423,
        "accuracy": "0.90727174",
        "cloud_height_m": 1870.0,
        "shadow_lenght_px": 21.0,
        "north_deg": 224.46215933898736,
        "azimuth_deg": 309.27426415690206,
        "angle_deg": 353.7364234958894
    },
    "19": {
        "xmin": 161,
        "xmax": 224,
        "ymin": 84,
        "ymax": 142,
        "xcentre": 192,
        "ycentre": 113,
        "accuracy": "0.9042812",
        "cloud_height_m": 1780.95,
        "shadow_lenght_px": 20.333333333333332,
        "north_deg": 224.46215933898736,
        "azimuth_deg": 309.27426415690206,
        "angle_deg": 353.7364234958894
    },
    "20": {
        "xmin": 323,
        "xmax": 339,
        "ymin": 273,
        "ymax": 290,
        "xcentre": 331,
        "ycentre": 281,
        "accuracy": "0.9040688",
        "cloud_height_m": 4541.42,
        "shadow_lenght_px": 51.333333333333336,
        "north_deg": 224.46215933898736,