{
    "0": {
        "xmin": 161,
        "xmax": 220,
        "ymin": 70,
        "ymax": 130,
        "xcentre": 190,
        "ycentre": 100,
        "accuracy": "0.95494616",
        "cloud_height_m": 1780.95,
        "shadow_lenght_px": 20.666666666666668,
        "north_deg": 224.46215933898736,
        "azimuth_deg": 309.27426415690206,
        "angle_deg": 353.7364234958894
    },
    "1": {
        "xmin": 158,
        "xmax": 187,
        "ymin": 161,
        "ymax": 198,
        "xcentre": 172,
        "ycentre": 179,
        "accuracy": "0.9454572",
        "cloud_height_m": 1246.66,
        "shadow_lenght_px": 14.0,
        "north_deg": 224.46215933898736,
        "azimuth_deg": 309.27426415690206,
        "angle_deg": 353.7364234958894
    },
    "2": {
        "xmin": 409,
        "xmax": 443,
        "ymin": 323,
        "ymax": 355,
        "xcentre": 426,
        "ycentre": 339,
        "accuracy": "0.94365025",
        "cloud_height_m": 2315.23,
        "shadow_lenght_px": 26.666666666666668,
        "north_deg": 224.46215933898736,
        "azimuth_deg": 309.27426415690206,
        "angle_deg": 353.7364234958894
    },
    "3": {
        "xmin": 278,
        "xmax": 361,
        "ymin": 0,
        "ymax": 59,
        "xcentre": 319,
        "ycentre": 29,
        "accuracy": "0.9396364",
        "cloud_height_m": 1335.71,
        "shadow_lenght_px": 15.666666666666666,
        "north_deg": 224.46215933898736,
        "azimuth_deg": 309.27426415690206,
        "angle_deg": 353.7364234958894
    },
    "4": {
        "xmin": 484,
        "xmax": 505,
        "ymin": 64,
        "ymax": 97,
        "xcentre": 494,
        "ycentre": 80,
        "accuracy": "0.93235815",
        "cloud_height_m": 2582.37,
        "shadow_lenght_px": 29.333333333333332,
        "north_deg": 224.46215933898736,
        "azimuth_deg": 309.27426415690206,
        "angle_deg": 353.7364234958894
    },
    "5": {
        "xmin": 97,
        "xmax": 122,
        "ymin": 0,
        "ymax": 20,
        "xcentre": 109,
        "ycentre": 10,
        "accuracy": "0.9313971",
        "cloud_height_m": 267.14,
        "shadow_lenght_px": 3.0,
        "north_deg": 224.46215933898736,
        "azimuth_deg": 309.27426415690206,
        "angle_deg": 353.7364234958894
    },
    "6": {
        "xmin": 385,
        "xmax": 411,
        "ymin": 96,
        "ymax": 122,
        "xcentre": 398,
        "ycentre": 109,
        "accuracy": "0.9253149",
        "cloud_height_m": 2226.18,
        "shadow_lenght_px": 25.666666666666668,
        "north_deg": 224.46215933898736,
        "azimuth_deg": 309.27426415690206,
        "angle_deg": 353.7364234958894
    },
    "7": {
        "xmin": 92,
        "xmax": 164,
        "ymin": 158,
        "ymax": 226,
        "xcentre": 128,
        "ycentre": 192,
        "accuracy": "0.9195278",
        "cloud_height_m": 3205.71,
        "shadow_lenght_px": 36.333333333333336,
        "north_deg": 224.46215933898736,
        "azimuth_deg": 309.27426415690206,
        "angle_deg": 353.7364234958894
    },
    "8": {
        "xmin": 165,
        "xmax": 198,
        "ymin": 189,
        "ymax": 227,
        "xcentre": 181,
        "ycentre": 208,
        "accuracy": "0.9060871",
        "cloud_height_m": 2671.42,
        "shadow_lenght_px": 30.0,
        "north_deg": 224.46215933898736,
        "azimuth_deg": 309.27426415690206,
        "angle_deg": 353.7364234958894
    },
    "9": {
        "xmin": 471,
        "xmax": 500,
        "ymin": 15,
        "ymax": 42,
        "xcentre": 485,
        "ycentre": 28,
        "accuracy": "0.903565",
        "cloud_height_m": 979.52,
        "shadow_lenght_px": 11.666666666666666,
        "north_deg": 224.46215933898736,
        "azimuth_deg": 309.27426415690206,
        "angle_deg": 353.7364234958894
    },
    "10": {
        "xmin": 216,
        "xmax": 276,
        "ymin": 448,
        "ymax": 499,
        "xcentre": 246,
        "ycentre": 473,
        "accuracy": "0.8910365",
        "cloud_height_m": 2582.37,
        "shadow_lenght_px": 29.333333333333332,
        "north_deg": 224.46215933898736,
        "azimuth_deg": 309.27426415690206,
        "angle_deg": 353.7364234958894
    },
    "11": {
        "xmin": 334,
        "xmax": 354,
        "ymin": 81,
        "ymax": 100,
        "xcentre": 344,
        "ycentre": 90,
        "accuracy": "0.8870934",
        "cloud_height_m": 4274.27,
        "shadow_lenght_px": 48.333333333333336,
        "north_deg": 224.46215933898736,
        "azimuth_deg": 309.27426415690206,
        "angle_deg": 353.7364234958894
    },
    "12": {
        "xmin": 149,
        "xmax": 177,
        "ymin": 135,
        "ymax": 162,
        "xcentre": 163,
        "ycentre": 148,
        "accuracy": "0.8689717",
        "cloud_height_m": 3739.99,
        "shadow_lenght_px": 42.333333333333336,
        "north_deg": 224.46215933898736,
        "azimuth_deg": 309.27426415690206,
        "angle_deg": 353.7364234958894
    },
    "13": {
        "xmin": 348,
        "xmax": 369,
        "ymin": 44,
        "ymax": 64,
        "xcentre": 358,
        "ycentre": 54,
        "accuracy": "0.8664284",
        "cloud_height_m": 2493.33,
        "shadow_lenght_px": 28.0,
        "north_deg": 224.46215933898736,
        "azimuth_deg": 309.27426415690206,
        "angle_deg": 353.7364234958894
    },
    "14": {
        "xmin": 301,
        "xmax": 354,
        "ymin": 132,
        "ymax": 187,
        "xcentre": 327,
        "ycentre": 159,
        "accuracy": "0.85091436",
        "cloud_height_m": 4719.51,
        "shadow_lenght_px": 53.333333333333336,
        "north_deg": 224.46215933898736,
        "azimuth_deg": 309.27426415690206,
        "angle_deg": 353.7364234958894
    },
    "15": {
        "xmin": 212,
        "xmax": 229,
        "ymin": 237,
        "ymax": 256,
        "xcentre": 220,
        "ycentre": 246,
        "accuracy": "0.83962387",
        "cloud_height_m": 2315.23,
        "shadow_lenght_px": 26.333333333333332,
        "north_deg": 224.46215933898736,
        "azimuth_deg": 309.27426415690206,
        "angle_deg": 353.7364234958894
    },
    "16": {
        "xmin": 439,
        "xmax": 459,
        "ymin": 317,
        "ymax": 338,
        "xcentre": 449,
        "ycentre": 327,
        "accuracy": "0.8377993",
        "cloud_height_m": 2671.42,
        "shadow_lenght_px": 30.0,
        "north_deg": 224.46215933898736,
        "azimuth_deg": 309.27426415690206,
        "angle_deg": 353.7364234958894
    },
    "17": {
        "xmin": 440,
        "xmax": 498,
        "ymin": 386,
        "ymax": 438,
        "xcentre": 469,
        "ycentre": 412,
        "accuracy": "0.83571535",
        "cloud_height_m": 2760.47,
        "shadow_lenght_px": 31.0,
        "north_deg": 224.46215933898736,
        "azimuth_deg": 309.27426415690206,
        "angle_deg": 353.7364234958894
    },
    "18": {
        "xmin": 403,
        "xmax": 418,
        "ymin": 302,
        "ymax": 320,
        "xcentre": 410,
        "ycentre": 311,
        "accuracy": "0.8343961",
        "cloud_height_m": 2760.47,
        "shadow_lenght_px": 31.666666666666668,
        "north_deg": 224.46215933898736,
        "azimuth_deg": 309.27426415690206,
        "angle_deg": 353.7364234958894
    },
    "19": {
        "xmin": 311,
        "xmax": 352,
        "ymin": 237,
        "ymax": 276,
        "xcentre": 331,
        "ycentre": 256,
        "accuracy": "0.8313103",
        "cloud_height_m": 4452.37,
        "shadow_lenght_px": 50.666666666666664,
        "north_deg": 224.46215933898736,
        "azimuth_deg": 309.27426415690206,
        "angle_deg": 353.7364234958894
    },
    "20": {
        "xmin": 0,
        "xmax": 21,
        "ymin": 17,
        "ymax": 61,
        "xcentre": 10,
        "ycentre": 39,
        "accuracy": "0.8190951",
        "cloud_height_m": 2404.28,
        "shadow_lenght_px": 27.0,
        "north_deg": 224.46215933898736,