{
    "0": {
        "xmin": 5,
        "xmax": 32,
        "ymin": 276,
        "ymax": 308,
        "xcentre": 18,
        "ycentre": 292,
        "accuracy": "0.94587296",
        "cloud_height_m": 1959.04,
        "shadow_lenght_px": 22.333333333333332,
        "north_deg": 224.46215933898736,
        "azimuth_deg": 309.27426415690206,
        "angle_deg": 353.7364234958894
    },
    "1": {
        "xmin": 13,
        "xmax": 41,
        "ymin": 423,
        "ymax": 456,
        "xcentre": 27,
        "ycentre": 439,
        "accuracy": "0.94403243",
        "cloud_height_m": 3472.85,
        "shadow_lenght_px": 39.0,
        "north_deg": 224.46215933898736,
        "azimuth_deg": 309.27426415690206,
        "angle_deg": 353.7364234958894
    },
    "2": {
        "xmin": 359,
        "xmax": 389,
        "ymin": 342,
        "ymax": 375,
        "xcentre": 374,
        "ycentre": 358,
        "accuracy": "0.9397239",
        "cloud_height_m": 1335.71,
        "shadow_lenght_px": 15.333333333333334,
        "north_deg": 224.46215933898736,
        "azimuth_deg": 309.27426415690206,
        "angle_deg": 353.7364234958894
    },
    "3": {
        "xmin": 480,
        "xmax": 505,
        "ymin": 377,
        "ymax": 416,
        "xcentre": 492,
        "ycentre": 396,
        "accuracy": "0.9363659",
        "cloud_height_m": 2404.28,
        "shadow_lenght_px": 27.333333333333332,
        "north_deg": 224.46215933898736,
        "azimuth_deg": 309.27426415690206,
        "angle_deg": 353.7364234958894
    },
    "4": {
        "xmin": 211,
        "xmax": 239,
        "ymin": 9,
        "ymax": 34,
        "xcentre": 225,
        "ycentre": 21,
        "accuracy": "0.92978555",
        "cloud_height_m": 623.33,
        "shadow_lenght_px": 7.666666666666667,
        "north_deg": 224.46215933898736,
        "azimuth_deg": 309.27426415690206,
        "angle_deg": 353.7364234958894
    },
    "5": {
        "xmin": 1,
        "xmax": 32,
        "ymin": 351,
        "ymax": 387,
        "xcentre": 16,
        "ycentre": 369,
        "accuracy": "0.92474407",
        "cloud_height_m": 1602.85,
        "shadow_lenght_px": 18.333333333333332,
        "north_deg": 224.46215933898736,
        "azimuth_deg": 309.27426415690206,
        "angle_deg": 353.7364234958894
    },
    "6": {
        "xmin": 290,
        "xmax": 350,
        "ymin": 210,
        "ymax": 262,
        "xcentre": 320,
        "ycentre": 236,
        "accuracy": "0.9229952",
        "cloud_height_m": 3027.61,
        "shadow_lenght_px": 34.666666666666664,
        "north_deg": 224.46215933898736,
        "azimuth_deg": 309.27426415690206,
        "angle_deg": 353.7364234958894
    },
    "7": {
        "xmin": 268,
        "xmax": 332,
        "ymin": 436,
        "ymax": 494,
        "xcentre": 300,
        "ycentre": 465,
        "accuracy": "0.9227286",
        "cloud_height_m": 2849.52,
        "shadow_lenght_px": 32.666666666666664,
        "north_deg": 224.46215933898736,
        "azimuth_deg": 309.27426415690206,
        "angle_deg": 353.7364234958894
    },
    "8": {
        "xmin": 100,
        "xmax": 139,
        "ymin": 122,
        "ymax": 161,
        "xcentre": 119,
        "ycentre": 141,
        "accuracy": "0.9174482",
        "cloud_height_m": 3383.8,
        "shadow_lenght_px": 38.333333333333336,
        "north_deg": 224.46215933898736,
        "azimuth_deg": 309.27426415690206,
        "angle_deg": 353.7364234958894
    },
    "9": {
        "xmin": 69,
        "xmax": 107,
        "ymin": 260,
        "ymax": 299,
        "xcentre": 88,
        "ycentre": 279,
        "accuracy": "0.91628873",
        "cloud_height_m": 4541.42,
        "shadow_lenght_px": 51.333333333333336,
        "north_deg": 224.46215933898736,
        "azimuth_deg": 309.27426415690206,
        "angle_deg": 353.7364234958894
    },
    "10": {
        "xmin": 26,
        "xmax": 54,
        "ymin": 287,
        "ymax": 318,
        "xcentre": 40,
        "ycentre": 302,
        "accuracy": "0.91331565",
        "cloud_height_m": 2404.28,
        "shadow_lenght_px": 27.333333333333332,
        "north_deg": 224.46215933898736,
        "azimuth_deg": 309.27426415690206,
        "angle_deg": 353.7364234958894
    },
    "11": {
        "xmin": 217,
        "xmax": 242,
        "ymin": 30,
        "ymax": 56,
        "xcentre": 229,
        "ycentre": 43,
        "accuracy": "0.90243685",
        "cloud_height_m": 801.43,
        "shadow_lenght_px": 9.666666666666666,
        "north_deg": 224.46215933898736,
        "azimuth_deg": 309.27426415690206,
        "angle_deg": 353.7364234958894
    },
    "12": {
        "xmin": 249,
        "xmax": 319,
        "ymin": 29,
        "ymax": 92,
        "xcentre": 284,
        "ycentre": 60,
        "accuracy": "0.8980059",
        "cloud_height_m": 3472.85,
        "shadow_lenght_px": 39.0,
        "north_deg": 224.46215933898736,
        "azimuth_deg": 309.27426415690206,
        "angle_deg": 353.7364234958894
    },
    "13": {
        "xmin": 414,
        "xmax": 432,
        "ymin": 439,
        "ymax": 457,
        "xcentre": 423,
        "ycentre": 448,
        "accuracy": "0.8970719",
        "cloud_height_m": 1157.62,
        "shadow_lenght_px": 13.333333333333334,
        "north_deg": 224.46215933898736,
        "azimuth_deg": 309.27426415690206,
        "angle_deg": 353.7364234958894
    },
    "14": {
        "xmin": 405,
        "xmax": 464,
        "ymin": 173,
        "ymax": 228,
        "xcentre": 434,
        "ycentre": 200,
        "accuracy": "0.89112276",
        "cloud_height_m": 1780.95,
        "shadow_lenght_px": 20.666666666666668,
        "north_deg": 224.46215933898736,
        "azimuth_deg": 309.27426415690206,
        "angle_deg": 353.7364234958894
    },
    "15": {
        "xmin": 96,
        "xmax": 116,
        "ymin": 318,
        "ymax": 339,
        "xcentre": 106,
        "ycentre": 328,
        "accuracy": "0.8890251",
        "cloud_height_m": 2048.09,
        "shadow_lenght_px": 23.666666666666668,
        "north_deg": 224.46215933898736,
        "azimuth_deg": 309.27426415690206,
        "angle_deg": 353.7364234958894
    },
    "16": {
        "xmin": 395,
        "xmax": 427,
        "ymin": 268,
        "ymax": 305,
        "xcentre": 411,
        "ycentre": 286,
        "accuracy": "0.866688",
        "cloud_height_m": 2671.42,
        "shadow_lenght_px": 30.0,
        "north_deg": 224.46215933898736,
        "azimuth_deg": 309.27426415690206,
        "angle_deg": 353.7364234958894
    },
    "17": {
        "xmin": 248,
        "xmax": 281,
        "ymin": 71,
        "ymax": 106,
        "xcentre": 264,
        "ycentre": 88,
        "accuracy": "0.86620426",
        "cloud_height_m": 3918.09,
        "shadow_lenght_px": 44.666666666666664,
        "north_deg": 224.46215933898736,
        "azimuth_deg": 309.27426415690206,
        "angle_deg": 353.7364234958894
    },
    "18": {
        "xmin": 408,
        "xmax": 431,
        "ymin": 419,
        "ymax": 441,
        "xcentre": 419,
        "ycentre": 430,
        "accuracy": "0.86520207",
        "cloud_height_m": 4452.37,
        "shadow_lenght_px": 50.333333333333336,
        "north_deg": 224.46215933898736,
        "azimuth_deg": 309.27426415690206,
        "angle_deg": 353.7364234958894
    },
    "19": {
        "xmin": 151,
        "xmax": 204,
        "ymin": 285,
        "ymax": 338,
        "xcentre": 177,
        "ycentre": 311,
        "accuracy": "0.8551257",
        "cloud_height_m": 4363.32,
        "shadow_lenght_px": 49.0,
        "north_deg": 224.46215933898736,
        "azimuth_deg": 309.27426415690206,
        "angle_deg": 353.7364234958894
    },
    "20": {
        "xmin": 375,
        "xmax": 406,
        "ymin": 461,
        "ymax": 494,
        "xcentre": 390,
        "ycentre": 477,
        "accuracy": "0.85364014",
        "cloud_height_m": 2760.47,
        "shadow_lenght_px": 31.0,
        "north_deg": 224.46215933898736,