{
    "0": {
        "xmin": 165,
        "xmax": 194,
        "ymin": 348,
        "ymax": 378,
        "xcentre": 179,
        "ycentre": 363,
        "accuracy": "0.9710174",
        "cloud_height_m": 2404.28,
        "shadow_lenght_px": 27.666666666666668,
        "north_deg": 224.46215933898736,
        "azimuth_deg": 309.27426415690206,
        "angle_deg": 353.7364234958894
    },
    "1": {
        "xmin": 428,
        "xmax": 454,
        "ymin": 471,
        "ymax": 500,
        "xcentre": 441,
        "ycentre": 485,
        "accuracy": "0.9689048",
        "cloud_height_m": 1780.95,
        "shadow_lenght_px": 20.0,
        "north_deg": 224.46215933898736,
        "azimuth_deg": 309.27426415690206,
        "angle_deg": 353.7364234958894
    },
    "2": {
        "xmin": 392,
        "xmax": 418,
        "ymin": 380,
        "ymax": 408,
        "xcentre": 405,
        "ycentre": 394,
        "accuracy": "0.95914686",
        "cloud_height_m": 3739.99,
        "shadow_lenght_px": 42.666666666666664,
        "north_deg": 224.46215933898736,
        "azimuth_deg": 309.27426415690206,
        "angle_deg": 353.7364234958894
    },
    "3": {
        "xmin": 322,
        "xmax": 413,
        "ymin": 406,
        "ymax": 485,
        "xcentre": 367,
        "ycentre": 445,
        "accuracy": "0.95650315",
        "cloud_height_m": 4096.18,
        "shadow_lenght_px": 46.666666666666664,
        "north_deg": 224.46215933898736,
        "azimuth_deg": 309.27426415690206,
        "angle_deg": 353.7364234958894
    },
    "4": {
        "xmin": 132,
        "xmax": 162,
        "ymin": 190,
        "ymax": 221,
        "xcentre": 147,
        "ycentre": 205,
        "accuracy": "0.9501107",
        "cloud_height_m": 2671.42,
        "shadow_lenght_px": 30.666666666666668,
        "north_deg": 224.46215933898736,
        "azimuth_deg": 309.27426415690206,
        "angle_deg": 353.7364234958894
    },
    "5": {
        "xmin": 153,
        "xmax": 178,
        "ymin": 449,
        "ymax": 475,
        "xcentre": 165,
        "ycentre": 462,
        "accuracy": "0.94775414",
        "cloud_height_m": 1335.71,
        "shadow_lenght_px": 15.666666666666666,
        "north_deg": 224.46215933898736,
        "azimuth_deg": 309.27426415690206,
        "angle_deg": 353.7364234958894
    },
    "6": {
        "xmin": 320,
        "xmax": 348,
        "ymin": 95,
        "ymax": 124,
        "xcentre": 334,
        "ycentre": 109,
        "accuracy": "0.9473327",
        "cloud_height_m": 4719.51,
        "shadow_lenght_px": 53.333333333333336,
        "north_deg": 224.46215933898736,
        "azimuth_deg": 309.27426415690206,
        "angle_deg": 353.7364234958894
    },
    "7": {
        "xmin": 383,
        "xmax": 409,
        "ymin": 220,
        "ymax": 251,
        "xcentre": 396,
        "ycentre": 235,
        "accuracy": "0.9384463",
        "cloud_height_m": 1602.85,
        "shadow_lenght_px": 18.666666666666668,
        "north_deg": 224.46215933898736,
        "azimuth_deg": 309.27426415690206,
        "angle_deg": 353.7364234958894
    },
    "8": {
        "xmin": 213,
        "xmax": 242,
        "ymin": 418,
        "ymax": 449,
        "xcentre": 227,
        "ycentre": 433,
        "accuracy": "0.93299496",
        "cloud_height_m": 2404.28,
        "shadow_lenght_px": 27.333333333333332,
        "north_deg": 224.46215933898736,
        "azimuth_deg": 309.27426415690206,
        "angle_deg": 353.7364234958894
    },
    "9": {
        "xmin": 470,
        "xmax": 496,
        "ymin": 466,
        "ymax": 493,
        "xcentre": 483,
        "ycentre": 479,
        "accuracy": "0.930463",
        "cloud_height_m": 2048.09,
        "shadow_lenght_px": 23.0,
        "north_deg": 224.46215933898736,
        "azimuth_deg": 309.27426415690206,
        "angle_deg": 353.7364234958894
    },
    "10": {
        "xmin": 462,
        "xmax": 487,
        "ymin": 345,
        "ymax": 371,
        "xcentre": 474,
        "ycentre": 358,
        "accuracy": "0.93034846",
        "cloud_height_m": 3027.61,
        "shadow_lenght_px": 34.333333333333336,
        "north_deg": 224.46215933898736,
        "azimuth_deg": 309.27426415690206,
        "angle_deg": 353.7364234958894
    },
    "11": {
        "xmin": 370,
        "xmax": 393,
        "ymin": 208,
        "ymax": 229,
        "xcentre": 381,
        "ycentre": 218,
        "accuracy": "0.927523",
        "cloud_height_m": 1513.81,
        "shadow_lenght_px": 17.666666666666668,
        "north_deg": 224.46215933898736,
        "azimuth_deg": 309.27426415690206,
        "angle_deg": 353.7364234958894
    },
    "12": {
        "xmin": 186,
        "xmax": 219,
        "ymin": 289,
        "ymax": 320,
        "xcentre": 202,
        "ycentre": 304,
        "accuracy": "0.9241762",
        "cloud_height_m": 2849.52,
        "shadow_lenght_px": 32.333333333333336,
        "north_deg": 224.46215933898736,
        "azimuth_deg": 309.27426415690206,
        "angle_deg": 353.7364234958894
    },
    "13": {
        "xmin": 72,
        "xmax": 152,
        "ymin": 137,
        "ymax": 202,
        "xcentre": 112,
        "ycentre": 169,
        "accuracy": "0.9223786",
        "cloud_height_m": 2582.37,
        "shadow_lenght_px": 29.0,
        "north_deg": 224.46215933898736,
        "azimuth_deg": 309.27426415690206,
        "angle_deg": 353.7364234958894
    },
    "14": {
        "xmin": 28,
        "xmax": 86,
        "ymin": 129,
        "ymax": 186,
        "xcentre": 57,
        "ycentre": 157,
        "accuracy": "0.91448873",
        "cloud_height_m": 3294.75,
        "shadow_lenght_px": 37.666666666666664,
        "north_deg": 224.46215933898736,
        "azimuth_deg": 309.27426415690206,
        "angle_deg": 353.7364234958894
    },
    "15": {
        "xmin": 271,
        "xmax": 310,
        "ymin": 258,
        "ymax": 297,
        "xcentre": 290,
        "ycentre": 277,
        "accuracy": "0.90468466",
        "cloud_height_m": 1780.95,
        "shadow_lenght_px": 20.333333333333332,
        "north_deg": 224.46215933898736,
        "azimuth_deg": 309.27426415690206,
        "angle_deg": 353.7364234958894
    },
    "16": {
        "xmin": 203,
        "xmax": 233,
        "ymin": 167,
        "ymax": 205,
        "xcentre": 218,
        "ycentre": 186,
        "accuracy": "0.9016886",
        "cloud_height_m": 1068.57,
        "shadow_lenght_px": 12.666666666666666,
        "north_deg": 224.46215933898736,
        "azimuth_deg": 309.27426415690206,
        "angle_deg": 353.7364234958894
    },
    "17": {
        "xmin": 59,
        "xmax": 116,
        "ymin": 355,
        "ymax": 408,
        "xcentre": 87,
        "ycentre": 381,
        "accuracy": "0.8998671",
        "cloud_height_m": 2137.14,
        "shadow_lenght_px": 24.333333333333332,
        "north_deg": 224.46215933898736,
        "azimuth_deg": 309.27426415690206,
        "angle_deg": 353.7364234958894
    },
    "18": {
        "xmin": 339,
        "xmax": 426,
        "ymin": 83,
        "ymax": 165,
        "xcentre": 382,
        "ycentre": 124,
        "accuracy": "0.8960553",
        "cloud_height_m": 3116.66,
        "shadow_lenght_px": 35.333333333333336,
        "north_deg": 224.46215933898736,
        "azimuth_deg": 309.27426415690206,
        "angle_deg": 353.7364234958894
    },
    "19": {
        "xmin": 132,
        "xmax": 179,
        "ymin": 381,
        "ymax": 425,
        "xcentre": 155,
        "ycentre": 403,
        "accuracy": "0.89484143",
        "cloud_height_m": 4363.32,
        "shadow_lenght_px": 49.0,
        "north_deg": 224.46215933898736,
        "azimuth_deg": 309.27426415690206,
        "angle_deg": 353.7364234958894
    },
    "20": {
        "xmin": 401,
        "xmax": 430,
        "ymin": 332,
        "ymax": 361,
        "xcentre": 415,
        "ycentre": 346,
        "accuracy": "0.8948371",
        "cloud_height_m": 4808.56,
        "shadow_lenght_px": 54.333333333333336,