{
    "0": {
        "xmin": 420,
        "ymin": 342,
        "xmax": 464,
        "ymax": 433,
        "accuracy": 0.98046875
    },
    "1": {
        "xmin": -10,
        "ymin": -6,
        "xmax": 461,
        "ymax": 244,
        "accuracy": 0.82421875
    },
    "2": {
        "xmin": -10,
        "ymin": -2,
        "xmax": 494,
        "ymax": 464,
        "accuracy": 0.80078125
    }
}